﻿<?xml version="1.0" encoding="UTF-8" standalone="yes"?>
<addon id="plugin.video.gozlan.me" name="gozlan.me" version="1.2.2" provider-name="cubicle_s">
    <requires>
        <import addon="xbmc.python" version="2.1.0"/>
    </requires>
    <extension point="xbmc.python.pluginsource" library="gozlan.py">
        <provides>video</provides>
    </extension>
    <extension point="xbmc.addon.metadata">
        <platform>all</platform>
        
        <summary lang="en">Watch video from gozlan.me</summary>
        <summary lang="he">צפו בוידאו מהאתר gozlan.me</summary>
        <description lang="en">Watch video from gozlan.me</description>
        <description lang="he">צפו בוידאו מהאתר gozlan.me</description>
        <disclaimer>הנך כפוף לתנאי השימוש של האתר</disclaimer>
        <supportedcontent>
          <content>tvshows</content>
        </supportedcontent></extension>	
    </addon>