<?xml version="1.0" encoding="UTF-8" standalone="yes"?>
<addon id="repository.shay" name="Shay Addons" version="1.0.2" provider-name="shay">
    <extension point="xbmc.addon.repository" name="XBMC Shay Addons">
        <info compressed="false">https://github.com/yossimav123/XbmcAddons/raw/master/addons.xml</info>
        <checksum>https://github.com/yossimav123/XbmcAddons/raw/master/addons.xml.md5</checksum>
        <datadir zip="true">https://github.com/yossimav123/XbmcAddons/raw/master/repo</datadir>
    </extension>
    <extension point="xbmc.addon.metadata">
        <summary>XBMC Shay Addons</summary>
        <description>Download and install addons for XBMC </description>
        <platform>all</platform>
    </extension>
</addon>